model,accuracy,precision,recall,f1,roc_auc,pr_auc
NeuralNetwork,0.7530747398297067,0.5239234449760766,0.7793594306049823,0.6266094420600858,0.8446775140330924,0.6514995762251037
